product1_DefaultCallProtocol;product1_ListenPort;product1_DefaultTransportProtocol;product1_Encryption;product1_SipZrtpAttribute;product1_AudioCodec;product1_VideoCodec;product1_Resolution;product1_SipMode;product1_H323Mode;product1_MTU;product1_DefaultCallRate;product1_MaxReceivedCallRate;product1_MaxTransmitedCallRate;product2_DefaultCallProtocol;product2_ListenPort;product2_DefaultTransportProtocol;product2_Encryption;product2_SipZrtpAttribute;product2_AudioCodec;product2_VideoCodec;product2_Resolution;product2_SipMode;product2_H323Mode;product2_MTU;product2_DefaultCallRate;product2_MaxReceivedCallRate;product2_MaxTransmitedCallRate
iptel.org;off;tls;off;auto;pcma-8000;h264;480;on;on;1049;4827;2914;1231;icq;on;auto;off;auto;silk-12000;rtx;1080;on;off;966;3997;113;3901
sip;off;tls;on;auto;silk-24000;vp8;480;on;on;1052;4827;3102;1231;irc;off;auto;besteffort;auto;speex-32000;vp8;240;on;off;938;2695;113;3946
iptel.org;on;tls;off;auto;pcma-8000;red;720;off;off;1049;283;4494;2932;icq;off;udp;off;true;telephone-event-80000;rtx;1080;on;on;1139;3570;1311;2457
sip;off;tls;on;auto;silk-24000;vp8;240;off;on;1052;4827;2478;1231;irc;off;auto;besteffort;auto;telephone-event-80000;vp8;240;on;off;525;2564;113;3946
sip;off;tls;on;auto;opus-48000;vp8;1080;off;off;1282;4974;3933;1231;irc;off;auto;off;auto;speex-32000;vp8;480;on;off;525;3857;269;1923
iptel.org;on;tls;off;auto;pcma-8000;red;720;off;off;1049;283;4494;2932;icq;off;udp;off;true;telephone-event-80000;rtx;1080;on;on;1139;3570;1311;2457
iptel.org;on;tcp;off;auto;pcma-8000;red;720;off;off;1049;4827;4494;2932;icq;off;udp;off;true;telephone-event-80000;rtx;1080;on;on;1139;3570;84;1924
iptel.org;on;tcp;off;auto;pcma-8000;red;720;off;off;1049;283;4494;2932;icq;off;udp;off;true;telephone-event-80000;rtx;1080;on;on;1139;3570;84;1924
irc;off;tls;on;auto;silk-24000;auto;240;off;on;1185;4827;3102;1231;irc;on;auto;on;auto;speex-32000;vp8;480;on;off;965;4059;269;1923
sip;off;tls;on;auto;opus-48000;vp8;240;off;off;1282;4827;3933;1231;irc;off;auto;off;auto;speex-32000;vp8;480;on;off;1114;2878;246;2298
irc;off;tls;on;auto;silk-24000;vp8;240;off;on;1052;4827;3102;1231;irc;off;auto;besteffort;auto;telephone-event-80000;vp8;240;on;off;537;2592;295;3901
iptel.org;on;tcp;off;auto;pcma-8000;red;720;off;off;1049;283;4494;2932;icq;off;udp;off;true;telephone-event-80000;rtx;1080;on;on;1139;3570;84;1924
aim;off;tls;on;auto;silk-24000;vp8;480;on;on;1052;4827;3102;1231;irc;off;auto;on;auto;silk-8000;vp8;480;on;off;938;3724;208;4109
sip;off;tls;on;auto;silk-24000;vp8;720;off;on;729;4827;3541;1231;irc;off;auto;off;auto;g722-16000;vp8;480;on;off;1114;4166;269;3946
irc;off;tls;on;auto;silk-24000;rtx;240;off;on;767;4827;3102;1231;irc;on;auto;on;auto;g722-16000;vp8;240;on;off;938;2558;269;1923
irc;off;tls;on;auto;silk-24000;auto;240;off;off;1282;4974;3933;1231;irc;off;auto;off;auto;speex-32000;vp8;480;on;off;525;2558;113;3946
sip;off;tls;on;auto;silk-24000;vp8;480;off;on;729;4827;3102;1231;irc;off;auto;on;auto;silk-8000;vp8;480;on;off;525;3847;246;3946
irc;off;tls;on;auto;silk-24000;vp8;240;on;on;1052;4827;3102;1231;irc;off;auto;besteffort;auto;telephone-event-80000;vp8;240;on;off;537;2564;246;4082
iptel.org;on;tls;off;auto;pcma-8000;h264;480;on;on;1049;4827;2259;1231;irc;off;auto;off;auto;speex-32000;rtx;1080;on;on;718;2558;208;4109
iptel.org;on;tls;off;auto;pcma-8000;red;720;off;off;1049;4827;4494;2932;icq;off;udp;off;true;telephone-event-80000;rtx;1080;on;on;1139;3570;84;1924
irc;off;tls;on;auto;silk-24000;auto;720;off;off;957;4827;3111;1231;irc;off;auto;off;auto;pcmu-8000;rtx;1080;on;on;757;4093;208;4109
irc;off;tls;on;auto;silk-24000;auto;240;off;on;940;4827;1601;1801;irc;on;auto;off;auto;pcmu-8000;vp8;360;on;off;930;2592;295;3901
iptel.org;on;tcp;off;auto;pcma-8000;red;240;on;off;1049;4827;3933;318;icq;off;udp;off;true;silk-24000;rtx;1080;on;off;1361;3857;269;1923
sip;off;tls;on;auto;silk-24000;red;240;off;on;957;4827;2760;1231;irc;off;auto;off;auto;speex-32000;vp8;1080;on;off;938;2558;113;3946
irc;off;tls;on;auto;silk-24000;rtx;480;off;on;710;4827;1834;1034;irc;on;auto;off;auto;silk-16000;vp8;480;on;off;975;3857;269;1923
sip;off;tls;on;auto;silk-24000;vp8;240;off;on;1052;4827;1834;1177;irc;on;auto;on;auto;speex-32000;vp8;480;on;off;1114;2558;208;834
sip;off;tls;on;auto;silk-24000;vp8;240;on;on;1052;4827;1175;1231;irc;off;auto;on;auto;silk-8000;vp8;240;on;off;1114;4166;269;3946
irc;off;tls;on;auto;silk-24000;red;240;off;off;1049;4827;4494;1801;irc;off;auto;off;auto;amr-wb-16000;rtx;1080;on;off;757;4093;269;2302
iptel.org;off;tls;on;auto;silk-24000;rtx;240;off;on;957;4827;1834;1231;irc;on;auto;on;auto;speex-32000;vp8;480;on;off;957;2558;295;4109
sip;off;tls;on;auto;silk-24000;vp8;1080;off;on;1041;4827;3102;1231;irc;on;auto;off;auto;pcma-8000;vp8;480;on;off;1001;2564;113;3946
iptel.org;on;tls;off;auto;pcma-8000;red;720;off;off;1049;283;4494;4201;icq;off;udp;off;true;telephone-event-80000;rtx;1080;on;on;1139;3570;1311;1924
aim;off;tls;on;auto;silk-24000;vp8;480;off;on;1052;4827;3102;1231;irc;off;auto;besteffort;auto;telephone-event-80000;vp8;240;on;off;537;2564;246;4109
iptel.org;on;tls;off;auto;pcma-8000;h264;480;on;on;1049;4827;3933;318;icq;off;auto;off;auto;silk-24000;rtx;1080;on;off;930;2592;295;3901
iptel.org;on;tls;off;auto;amr-wb-16000;red;1080;off;off;1206;4827;4494;2511;icq;off;udp;off;true;telephone-event-80000;rtx;1080;on;on;1139;3570;84;1924
iptel.org;on;tls;off;auto;amr-wb-16000;red;720;off;off;1049;4827;4494;2511;icq;off;udp;off;auto;gsm-8000;rtx;1080;on;off;938;2558;113;3946
sip;off;tls;off;auto;silk-24000;vp8;240;off;on;957;4827;1601;1231;irc;off;auto;off;auto;silk-8000;ulpfec;480;on;on;938;2558;208;4109
irc;off;tls;on;auto;silk-24000;red;480;off;on;1049;4827;1970;1231;irc;off;tls;off;auto;pcmu-8000;rtx;480;on;off;957;2558;295;4109
iptel.org;off;tls;on;auto;silk-24000;red;480;off;on;957;4827;3111;2422;irc;off;auto;off;auto;speex-32000;h264;480;on;off;1216;2564;113;3946
irc;off;tls;off;auto;silk-24000;red;480;on;on;1049;4827;2914;1231;icq;on;auto;off;auto;silk-12000;rtx;1080;on;off;1224;3997;113;3901
irc;off;tls;on;auto;silk-24000;auto;240;on;on;1052;4827;3362;1063;irc;off;auto;off;auto;speex-32000;vp8;480;on;off;757;2722;269;2302
irc;off;tls;on;auto;silk-24000;red;480;on;on;957;4827;3111;1231;icq;off;auto;off;auto;telephone-event-80000;vp8;480;on;off;728;2878;246;3740
sip;off;tls;on;auto;silk-24000;vp8;240;off;on;957;4827;3111;1231;irc;off;auto;on;auto;speex-32000;ulpfec;480;on;off;1047;4182;113;4109
h323;off;tls;on;auto;silk-24000;vp8;480;off;on;879;4827;3102;1231;h323;off;auto;on;auto;speex-32000;vp8;240;on;off;957;2558;295;4109
irc;off;tls;on;auto;silk-24000;rtx;240;off;on;1185;4827;3111;857;irc;on;auto;on;auto;telephone-event-80000;vp8;480;on;off;938;2558;208;4109
irc;off;tls;on;auto;silk-24000;auto;240;off;on;1052;4827;3102;1231;irc;off;auto;on;auto;speex-32000;vp8;240;on;off;704;3724;208;4109
iptel.org;on;tls;off;auto;silk-12000;red;1080;off;off;1206;4827;4494;2511;icq;off;udp;off;true;silk-8000;rtx;1080;on;on;1139;3570;84;1924
irc;off;tls;on;auto;opus-48000;vp8;240;off;off;1282;4827;3933;1231;irc;off;auto;off;auto;speex-32000;vp8;480;on;off;1114;2878;246;2298
sip;off;tls;on;auto;pcma-8000;h264;240;on;on;1049;4827;882;1231;irc;on;tls;on;auto;speex-32000;vp8;480;on;off;930;2592;295;3901
sip;off;tls;on;auto;silk-24000;rtx;480;on;on;957;4827;1834;1231;h323;off;auto;on;auto;speex-32000;vp8;480;on;off;1089;872;113;3946
irc;off;tls;on;auto;silk-24000;auto;240;off;on;940;4827;3111;1231;irc;on;auto;off;auto;speex-32000;vp8;480;on;off;525;2878;246;1330
sip;off;tls;on;auto;silk-24000;vp8;240;off;on;750;4827;3102;1409;irc;off;auto;on;auto;silk-8000;vp8;240;on;off;604;2878;246;1330
iptel.org;off;tls;on;auto;silk-24000;auto;240;on;on;1052;4827;3102;1231;irc;off;auto;on;auto;silk-8000;vp8;480;on;off;525;3847;246;3946
irc;off;tls;on;auto;silk-24000;vp8;240;off;on;957;4827;3111;1231;irc;off;auto;on;auto;speex-32000;ulpfec;480;on;off;1047;4182;113;3946
iptel.org;off;tls;off;auto;amr-wb-16000;red;720;off;off;1049;4827;3155;1231;irc;off;auto;off;auto;amr-wb-16000;rtx;1080;on;off;757;4093;269;2302
iptel.org;on;tcp;off;auto;pcma-8000;red;720;off;off;1049;4827;1970;1231;irc;off;auto;off;auto;silk-12000;rtx;240;on;off;1107;2592;369;4109
irc;off;tls;on;auto;silk-24000;rtx;240;off;on;1052;4827;3102;1231;irc;off;auto;besteffort;auto;speex-32000;vp8;240;off;off;938;2695;113;3946
iptel.org;on;tls;off;auto;pcma-8000;red;720;off;off;1049;4827;4494;1542;googletalk;off;udp;off;true;silk-16000;rtx;1080;on;off;1114;4166;269;283
irc;off;tls;on;auto;silk-24000;rtx;240;off;on;957;4827;3111;2422;irc;off;auto;off;auto;speex-32000;h264;480;on;off;938;3724;208;4109
iptel.org;on;tls;off;auto;pcma-8000;red;720;off;off;1049;4827;1970;1231;irc;off;auto;off;auto;silk-12000;rtx;240;on;off;1107;2592;369;4109
h323;off;tls;on;auto;silk-24000;vp8;480;off;on;879;4827;1601;1801;irc;on;auto;on;auto;g722-16000;vp8;480;on;off;1114;2878;369;3298
iptel.org;on;tls;off;auto;amr-wb-16000;red;480;off;on;1049;4827;3933;1727;icq;off;auto;off;auto;silk-24000;rtx;1080;on;on;502;3847;246;3946
iptel.org;off;tls;on;auto;silk-24000;red;240;on;on;1049;4827;3111;1231;irc;off;auto;on;auto;speex-32000;vp8;480;off;off;1145;2564;113;4099
sip;off;tcp;on;auto;silk-24000;vp8;240;off;on;1052;4827;3102;1231;h323;off;auto;on;auto;speex-32000;ulpfec;240;on;off;1043;2564;246;4082
iptel.org;off;tls;off;auto;silk-12000;h264;240;on;on;1052;4827;3102;1231;irc;off;auto;off;auto;ilbc-8000;rtx;1080;on;on;1001;2564;208;315
iptel.org;on;tls;off;auto;pcma-8000;red;480;on;on;1049;4827;2936;1231;icq;off;auto;off;auto;silk-12000;rtx;240;on;off;525;2564;113;3946
sip;off;tls;on;auto;silk-24000;vp8;480;off;on;879;4827;1601;1801;irc;on;auto;off;auto;pcmu-8000;vp8;360;on;off;930;2592;295;3901
iptel.org;on;tls;off;auto;pcma-8000;h264;480;on;on;1049;4827;2259;1231;aim;off;auto;off;auto;speex-32000;rtx;1080;on;off;704;3724;208;4109
sip;off;tls;on;auto;silk-24000;vp8;480;off;on;750;4827;3102;1409;irc;on;auto;on;auto;telephone-event-80000;vp8;240;on;off;525;2982;113;4109
iptel.org;on;tls;on;auto;silk-24000;auto;240;off;off;1052;4827;3206;1231;irc;off;auto;on;false;pcmu-8000;rtx;480;on;off;930;2592;295;3946
aim;off;tls;off;auto;silk-24000;auto;240;on;on;1052;4827;4447;1231;irc;off;auto;off;auto;speex-32000;vp8;480;on;off;938;2695;113;3946
h323;off;tls;on;auto;silk-24000;vp8;360;off;on;1052;4827;3102;1231;irc;off;auto;on;auto;pcma-8000;vp8;240;on;off;769;2878;246;4109
sip;off;tls;on;auto;silk-24000;vp8;240;off;on;1052;4827;2478;1231;irc;off;auto;on;auto;speex-32000;vp8;480;on;off;1114;4696;208;834
sip;off;tls;on;auto;silk-24000;vp8;720;off;on;1041;4827;3124;1231;irc;on;auto;off;auto;speex-32000;vp8;1080;on;off;1001;2564;113;3946
iptel.org;off;tls;on;auto;silk-24000;auto;240;on;on;957;4827;3111;1231;irc;off;auto;on;auto;speex-32000;vp8;480;on;off;1145;2564;113;4109
irc;off;tls;on;auto;opus-48000;auto;240;on;on;1052;4827;3102;1231;irc;off;auto;off;auto;g722-16000;vp8;480;on;off;1114;4166;269;3946
irc;off;tls;on;auto;silk-24000;ulpfec;720;on;on;988;4827;3102;1231;irc;on;auto;besteffort;auto;amr-wb-16000;vp8;480;on;off;790;2564;113;3946
iptel.org;on;tls;off;auto;silk-24000;h264;480;off;on;988;4827;1601;1231;googletalk;off;auto;off;auto;pcmu-8000;ulpfec;360;on;off;957;2558;295;4109
h323;off;tls;on;auto;silk-24000;vp8;480;off;on;879;4827;3111;1231;irc;off;auto;on;auto;speex-32000;vp8;480;off;off;1145;2564;113;4099
iptel.org;off;tls;off;auto;amr-wb-16000;red;720;off;off;1049;4827;1834;1231;irc;off;auto;off;auto;auto;h264;480;on;off;938;2592;269;2457
iptel.org;off;tls;on;auto;silk-24000;vp8;480;off;on;750;4827;3102;1409;irc;on;auto;on;auto;telephone-event-80000;vp8;240;on;off;525;2982;113;4109
irc;off;tls;on;auto;silk-24000;rtx;240;on;on;1052;4827;3102;1231;irc;off;auto;besteffort;auto;telephone-event-80000;vp8;240;on;off;537;2564;246;4082
iptel.org;off;tls;on;auto;silk-24000;vp8;240;on;on;1052;4827;3102;1231;irc;off;auto;on;auto;silk-8000;vp8;480;on;off;938;3724;208;4109
sip;off;tls;on;auto;silk-24000;vp8;1080;off;on;1041;4827;3632;1822;irc;on;auto;off;auto;silk-16000;ulpfec;360;on;off;747;3276;246;3946
irc;off;tls;on;auto;silk-24000;auto;240;off;on;1240;4827;3102;1231;irc;off;auto;on;auto;silk-8000;vp8;480;on;off;747;3276;246;3946
sip;off;tls;on;auto;pcma-8000;h264;480;on;on;1052;4827;3102;1231;irc;off;auto;besteffort;auto;speex-32000;vp8;240;on;off;938;2695;113;3946
h323;off;tls;on;auto;silk-24000;vp8;360;off;on;1052;4827;3102;1231;irc;off;auto;off;auto;auto;vp8;480;on;off;672;2558;295;4109
sip;off;tls;on;auto;silk-24000;vp8;240;on;on;1052;4827;1143;1231;irc;off;auto;off;auto;silk-16000;vp8;480;on;on;938;2558;113;3946
iptel.org;on;tls;off;auto;silk-16000;red;720;on;on;957;4827;1884;1231;irc;on;auto;off;auto;silk-12000;rtx;240;on;off;854;2592;369;4109
irc;off;tls;on;auto;silk-24000;red;480;off;on;929;4827;3111;2422;irc;off;auto;off;auto;silk-8000;rtx;480;on;off;1114;4166;269;283
sip;off;tls;on;auto;silk-24000;vp8;240;off;on;957;4827;1601;1231;irc;on;auto;on;auto;pcmu-8000;vp8;240;on;off;549;2558;208;4109
irc;off;tls;on;auto;silk-24000;h264;480;on;on;1052;4827;3102;1231;irc;off;auto;off;auto;speex-32000;vp8;480;on;off;1114;4418;113;3946
irc;off;tls;on;auto;silk-24000;auto;720;off;off;1052;4827;2576;1231;irc;off;auto;on;auto;pcmu-8000;rtx;480;on;off;930;2592;295;3946
iptel.org;off;tls;on;auto;silk-24000;vp8;240;off;on;957;4827;3933;1231;irc;off;auto;off;auto;speex-32000;vp8;480;on;off;525;2878;246;2298
aim;off;tls;on;auto;silk-24000;vp8;720;off;on;957;4827;3102;1231;irc;off;auto;on;auto;silk-8000;vp8;480;on;off;525;3847;246;3946
h323;off;tls;on;auto;silk-24000;vp8;480;off;on;1052;4827;3102;1231;irc;on;auto;besteffort;auto;speex-32000;vp8;240;on;off;938;2695;113;3946
sip;off;tls;on;auto;silk-24000;vp8;480;off;on;957;4827;3111;1231;irc;off;auto;on;auto;speex-32000;vp8;480;on;off;938;2558;208;4109
iptel.org;off;tls;off;auto;amr-wb-16000;red;480;off;on;1049;4827;3933;1727;icq;off;auto;off;auto;silk-24000;rtx;1080;on;on;502;3847;246;3946
iptel.org;off;tls;on;auto;silk-24000;red;480;on;on;957;4827;3102;1231;irc;on;auto;off;auto;pcma-8000;rtx;480;on;off;1001;717;113;3946
iptel.org;on;tls;off;auto;amr-wb-16000;red;1080;on;off;1206;4827;3933;318;icq;off;auto;off;auto;silk-24000;rtx;1080;on;off;930;2592;295;3901
iptel.org;on;tls;off;auto;pcma-8000;red;480;on;on;1049;4827;2936;1231;icq;off;auto;off;auto;silk-12000;rtx;720;on;on;918;2564;113;3946
irc;off;tls;off;auto;silk-24000;red;240;off;off;1049;4827;1834;1231;irc;off;auto;on;auto;silk-8000;vp8;480;on;off;502;2564;113;3946
iptel.org;on;tls;off;auto;pcma-8000;h264;480;off;off;705;4827;3933;2932;icq;off;udp;off;true;telephone-event-80000;rtx;1080;on;off;936;3867;84;867
iptel.org;off;tls;on;auto;silk-24000;auto;480;off;on;957;4827;3686;2422;irc;off;auto;off;auto;speex-32000;h264;480;on;off;792;3518;113;2298
irc;off;tls;on;auto;silk-24000;rtx;480;on;on;957;4827;1834;1231;h323;off;auto;on;auto;speex-32000;vp8;480;on;off;957;2558;295;4109
aim;off;tls;on;auto;silk-24000;vp8;240;off;on;957;4827;2465;1231;irc;off;auto;on;auto;silk-8000;vp8;480;on;off;525;3847;246;3946
iptel.org;off;tls;on;auto;silk-24000;vp8;360;off;on;1052;4827;3102;1231;irc;on;auto;on;auto;speex-16000;vp8;480;on;off;1001;2564;113;3946
iptel.org;on;tls;off;auto;silk-16000;red;720;on;on;957;4827;1884;1231;irc;on;auto;off;auto;silk-12000;rtx;240;on;off;1201;2592;369;4109
sip;off;tls;on;auto;silk-24000;vp8;1080;off;on;1041;4827;3102;1231;irc;on;auto;off;auto;pcma-8000;vp8;480;on;off;1004;4182;113;4109
sip;off;tls;on;auto;silk-24000;vp8;240;off;on;767;4827;3102;1231;irc;on;auto;on;auto;silk-24000;vp8;480;on;off;604;2564;113;3946
iptel.org;on;tls;off;auto;pcma-8000;h264;480;on;on;1052;4954;1601;302;irc;off;auto;off;auto;amr-wb-16000;vp8;480;on;off;938;3724;208;4109
iptel.org;on;tls;off;auto;pcma-8000;red;720;off;off;1049;4827;4494;2511;icq;off;udp;off;true;telephone-event-80000;rtx;1080;on;on;1139;3570;84;1924
irc;off;tls;on;auto;silk-24000;red;720;off;off;1049;4827;3768;1542;icq;off;auto;off;auto;silk-12000;rtx;1080;on;off;1395;3997;369;4109
iptel.org;off;tls;on;auto;silk-24000;red;480;off;on;1049;4827;4494;1542;icq;off;auto;off;auto;silk-12000;rtx;1080;on;off;938;2558;113;3946
h323;off;tls;on;auto;silk-24000;vp8;480;off;on;862;4827;1601;1801;irc;on;auto;off;auto;amr-wb-16000;vp8;480;on;off;1001;2564;113;3946
iptel.org;on;tls;off;auto;pcma-8000;h264;480;on;on;1049;4827;2912;1231;irc;off;auto;off;auto;speex-32000;vp8;1080;on;off;1001;2564;113;3946
irc;off;tls;on;auto;pcma-8000;red;480;on;on;1049;4827;2936;1231;icq;off;auto;off;auto;silk-12000;rtx;720;on;on;918;2564;113;3946
sip;off;tls;on;auto;silk-24000;red;240;off;on;957;4827;2760;1231;irc;off;auto;off;auto;silk-8000;ulpfec;480;on;off;938;2695;113;3946
irc;off;tls;on;auto;silk-24000;vp8;240;off;on;957;4827;3111;2422;irc;off;auto;off;auto;speex-32000;ulpfec;480;on;off;564;4182;369;3611
iptel.org;on;tls;off;auto;amr-wb-16000;red;480;off;on;1484;4827;4793;318;icq;off;udp;off;true;ilbc-8000;rtx;1080;on;on;1361;3857;269;1923
irc;off;tls;on;auto;silk-24000;ulpfec;360;off;on;957;4827;1601;1231;irc;on;auto;on;auto;speex-32000;vp8;480;on;off;1029;3866;246;3946
iptel.org;off;tls;on;auto;silk-24000;red;480;off;on;929;4827;3111;2422;irc;off;auto;off;auto;silk-8000;rtx;1080;on;off;930;2592;295;3901
iptel.org;off;tls;on;auto;silk-24000;rtx;240;off;on;957;4827;3111;2422;irc;off;auto;off;auto;speex-32000;h264;480;on;off;938;3724;208;4109
irc;off;tls;on;auto;opus-48000;auto;480;off;on;1185;4575;1601;1231;irc;off;auto;on;auto;g722-16000;vp8;480;on;off;525;2564;113;3946
iptel.org;on;tls;off;auto;pcma-8000;red;480;on;on;1049;4827;2936;1231;icq;off;auto;off;auto;silk-12000;rtx;1080;on;on;918;2564;113;3946
iptel.org;off;tls;off;auto;amr-wb-16000;red;1080;on;off;1206;4827;3933;318;irc;off;udp;off;true;ilbc-8000;rtx;1080;on;on;1001;2564;208;315
iptel.org;off;tls;on;auto;silk-24000;vp8;720;off;on;1185;4827;1834;1231;irc;on;auto;on;auto;telephone-event-80000;ulpfec;240;on;off;938;2558;208;4109
sip;off;tls;on;auto;silk-24000;ulpfec;720;on;on;957;4827;3111;1231;irc;off;auto;off;auto;telephone-event-80000;vp8;360;on;off;728;2878;246;3740
iptel.org;on;tls;on;auto;silk-24000;red;480;off;on;957;4827;3111;2422;irc;off;auto;besteffort;auto;speex-32000;vp8;480;on;off;757;2722;269;2302
iptel.org;off;tls;off;auto;pcma-8000;h264;480;on;on;1049;4827;4494;1542;icq;off;auto;off;auto;pcmu-8000;rtx;1080;on;on;757;4093;208;4109
iptel.org;off;tls;on;auto;silk-24000;auto;360;off;on;1021;4827;3111;1231;irc;on;auto;on;auto;speex-32000;ulpfec;480;on;off;587;2558;113;4109
irc;off;tls;on;auto;silk-24000;red;240;off;on;957;4827;3347;1231;irc;off;auto;off;auto;speex-32000;vp8;480;on;off;975;1103;269;1923
sip;off;tls;on;auto;silk-24000;ulpfec;240;on;on;1052;4827;3362;1063;irc;off;auto;off;auto;speex-32000;vp8;480;on;off;938;2592;125;4082
iptel.org;on;tls;off;auto;pcma-8000;red;720;off;off;1049;4827;4494;2511;icq;off;udp;off;true;speex-16000;rtx;1080;on;off;769;2878;246;4109
iptel.org;off;tls;on;auto;silk-24000;red;480;off;on;1052;4827;1601;1801;irc;on;auto;on;auto;amr-wb-16000;vp8;480;off;off;1142;2564;113;3946
irc;off;tls;on;auto;silk-24000;rtx;240;off;on;534;4827;3102;1231;irc;off;auto;on;auto;silk-8000;vp8;480;on;off;938;2558;208;4109
sip;off;tls;on;auto;silk-24000;vp8;240;off;on;1052;4827;1834;1177;irc;on;auto;on;auto;speex-32000;vp8;480;on;off;1114;2558;208;4109
iptel.org;off;tls;off;auto;pcma-8000;red;720;on;off;1052;4827;4447;1231;irc;off;auto;off;auto;speex-32000;vp8;480;on;off;1450;4182;369;3611
irc;off;tls;on;auto;silk-24000;vp8;1080;off;on;729;4827;3102;1231;irc;off;auto;on;auto;silk-8000;vp8;480;on;off;525;3847;246;3946
iptel.org;off;tls;off;auto;amr-wb-16000;red;1080;on;off;1206;4827;3933;318;irc;off;udp;off;true;ilbc-8000;rtx;1080;on;off;1361;3857;269;432
iptel.org;off;tls;off;true;silk-24000;auto;480;off;on;957;4827;1601;1801;irc;on;auto;off;auto;speex-16000;vp8;480;on;off;685;3847;204;3946
sip;off;tls;on;auto;silk-24000;vp8;240;off;on;750;4827;3102;1409;irc;off;auto;on;auto;silk-8000;vp8;240;on;off;938;2558;208;4109
irc;off;tls;on;auto;silk-12000;auto;480;off;on;957;4827;820;1231;irc;off;auto;on;auto;speex-32000;vp8;480;on;off;1145;2564;113;4109
sip;on;tls;on;auto;opus-48000;vp8;1080;off;on;693;4827;3673;1231;irc;off;auto;off;auto;speex-32000;vp8;480;on;off;1114;2878;369;3298
irc;off;tls;on;auto;silk-24000;ulpfec;240;off;on;957;4827;3347;1231;irc;on;auto;off;auto;silk-16000;vp8;480;on;off;992;4059;269;1923
iptel.org;on;tls;off;auto;pcma-8000;red;720;off;off;1049;4827;1834;1231;icq;on;auto;off;auto;silk-24000;rtx;1080;on;off;757;4093;269;2302
sip;off;tls;on;auto;silk-24000;vp8;720;off;on;1041;4827;3102;1231;irc;on;auto;on;auto;silk-16000;vp8;480;on;off;525;2564;246;3946
iptel.org;off;tls;off;auto;amr-wb-16000;red;1080;off;off;1206;4827;3933;871;icq;off;auto;off;true;silk-24000;rtx;1080;on;off;1361;3857;295;4109
irc;off;tls;on;auto;silk-24000;rtx;240;off;on;957;4827;1601;431;irc;off;auto;on;auto;g722-16000;vp8;480;on;off;525;2982;113;4109
sip;off;tls;on;auto;silk-24000;vp8;240;off;off;1282;4974;3933;1231;irc;off;auto;off;auto;speex-32000;vp8;480;on;off;765;3857;269;1923
iptel.org;on;tls;off;auto;pcma-8000;h264;480;on;on;1049;4827;977;318;icq;off;auto;off;auto;silk-24000;rtx;1080;on;off;930;2592;295;3901
iptel.org;on;tls;on;auto;silk-24000;rtx;240;off;on;534;4827;3102;1231;irc;off;auto;on;auto;silk-8000;vp8;480;on;off;938;2558;208;4109
iptel.org;on;tls;off;auto;pcma-8000;h264;480;on;on;1049;4827;4494;1041;ippi;off;udp;off;true;speex-16000;rtx;1080;on;off;752;4589;204;3946
iptel.org;off;auto;on;auto;silk-24000;red;480;off;on;783;4827;1834;1028;irc;off;auto;off;auto;pcmu-8000;red;480;on;off;525;2558;113;3946
iptel.org;off;tls;on;auto;silk-24000;vp8;1080;off;on;940;4827;3111;1231;irc;off;auto;off;auto;speex-32000;vp8;480;on;off;525;2878;246;3771
aim;off;tls;on;auto;silk-24000;vp8;480;off;on;729;4827;3102;1231;irc;off;auto;on;auto;silk-8000;vp8;480;on;off;525;3847;246;3946
sip;off;tls;on;auto;silk-24000;rtx;240;off;on;767;4827;3102;1231;irc;on;udp;on;auto;silk-24000;vp8;480;on;off;525;2564;113;3946
h323;off;tls;on;auto;silk-24000;vp8;480;on;on;879;4827;3111;1231;irc;off;auto;off;auto;speex-32000;vp8;1080;on;off;1001;2564;113;3946
irc;off;tls;on;auto;silk-24000;auto;480;off;on;1052;4575;1601;1231;irc;off;auto;on;auto;g722-16000;vp8;480;on;on;918;2564;113;3946
sip;off;tls;on;auto;opus-48000;vp8;240;off;off;1282;4827;3933;1231;irc;off;auto;off;auto;amr-wb-16000;vp8;480;on;off;525;2564;113;3946
irc;off;tls;on;auto;silk-24000;auto;720;off;on;805;4827;3111;1231;irc;off;auto;off;auto;telephone-event-80000;vp8;360;on;off;728;2878;246;3740
irc;off;tls;on;auto;silk-24000;vp8;360;off;on;1052;4827;3102;1231;irc;on;auto;on;auto;speex-16000;vp8;480;on;off;1001;2564;113;3946
h323;off;tls;on;auto;silk-24000;rtx;480;on;on;957;4827;3102;1231;irc;on;auto;on;auto;speex-16000;vp8;480;on;off;1001;2564;113;3946
irc;off;tls;on;auto;silk-24000;red;480;off;off;1282;4827;3933;1231;irc;off;auto;off;auto;speex-32000;vp8;480;on;off;1145;2564;113;4109
sip;off;tls;on;auto;silk-24000;vp8;480;off;on;729;4827;3102;1231;irc;off;auto;off;auto;silk-8000;vp8;480;on;off;991;3847;246;3946
iptel.org;off;tls;on;auto;silk-24000;auto;720;off;off;957;4827;3111;1231;irc;off;auto;off;auto;silk-12000;rtx;480;on;off;1001;2564;113;3946
iptel.org;on;tls;on;auto;silk-24000;red;480;off;off;1282;4827;3933;1231;irc;off;auto;off;auto;amr-wb-16000;vp8;480;on;off;525;2564;113;3946
iptel.org;on;tls;off;auto;amr-wb-16000;red;1080;off;off;1049;4827;3111;937;irc;off;auto;off;auto;silk-16000;ulpfec;480;on;off;1068;2558;208;4109
iptel.org;on;tcp;off;auto;speex-16000;red;720;off;off;1049;4827;4494;2932;icq;off;udp;off;true;telephone-event-80000;rtx;1080;on;on;1361;3857;269;1923
irc;off;tls;on;auto;silk-24000;vp8;480;off;on;1052;4827;3102;1231;irc;on;auto;besteffort;auto;speex-32000;vp8;240;on;off;938;2695;113;3946
irc;off;tls;on;auto;silk-24000;vp8;240;off;off;940;4827;3111;1760;irc;off;auto;on;auto;speex-32000;auto;480;on;off;525;2564;113;3946
iptel.org;off;tls;off;auto;pcma-8000;h264;480;on;on;1049;4827;2914;1231;icq;on;auto;off;auto;silk-12000;rtx;1080;on;off;1001;2564;113;3946
sip;off;tls;on;auto;silk-24000;vp8;240;off;on;957;4827;1601;1231;irc;on;auto;off;auto;silk-8000;ulpfec;240;on;off;1114;2558;246;3740
irc;off;tls;on;auto;silk-24000;auto;240;off;on;1185;4827;3111;1231;irc;on;auto;off;auto;amr-wb-16000;vp8;480;on;off;525;2564;113;3946
irc;on;tls;off;auto;silk-24000;red;480;off;on;957;4827;3111;2422;irc;off;auto;off;auto;speex-32000;h264;480;on;off;938;3724;208;4109
irc;off;tls;on;auto;opus-48000;vp8;1080;off;on;957;4827;1601;1231;irc;off;auto;off;auto;silk-8000;vp8;480;on;off;502;2564;113;3946
irc;on;tls;on;auto;silk-24000;vp8;480;off;on;732;4827;3102;1231;irc;off;auto;off;auto;silk-16000;ulpfec;480;on;off;604;2878;246;1330
iptel.org;off;tls;on;auto;silk-24000;red;480;on;on;1184;4827;2574;1231;irc;off;auto;on;auto;silk-8000;vp8;480;on;off;747;3276;246;3946
irc;off;tls;on;auto;silk-24000;vp8;1080;off;on;772;4827;3111;1231;irc;off;auto;off;auto;g722-16000;vp8;1080;on;off;938;2558;208;4109
iptel.org;off;tls;on;auto;silk-24000;red;480;off;on;775;4827;3111;1801;irc;off;auto;besteffort;auto;silk-12000;rtx;1080;on;on;918;2564;113;3946
sip;on;tls;on;auto;silk-24000;vp8;360;off;off;940;4827;3111;1231;irc;off;auto;off;auto;silk-16000;vp8;1080;on;off;1001;2564;113;3946
iptel.org;off;tls;off;false;pcma-8000;red;720;on;off;753;4827;1601;1231;irc;off;auto;off;auto;silk-8000;ulpfec;240;on;off;938;2695;113;3946
iptel.org;on;tls;off;auto;pcma-8000;red;720;on;off;753;4827;4494;2324;icq;off;udp;off;true;silk-16000;rtx;1080;on;off;1114;4166;269;283
irc;off;tls;on;auto;silk-24000;auto;480;off;on;1052;4575;1601;1801;irc;off;auto;off;auto;speex-16000;vp8;240;on;off;957;2558;208;4109
h323;off;tls;on;auto;silk-24000;vp8;480;off;on;879;4827;1601;1801;irc;on;auto;on;auto;g722-16000;vp8;480;on;off;938;2558;208;4109
iptel.org;on;tls;off;auto;pcma-8000;h264;480;on;on;1052;4827;4494;1542;ippi;off;udp;off;true;silk-16000;rtx;1080;on;off;1114;2558;208;4109
sip;off;tls;on;auto;silk-24000;vp8;240;off;on;1052;4827;1834;1177;irc;on;auto;off;auto;silk-8000;ulpfec;240;on;off;938;2695;113;3946
h323;off;tls;on;auto;silk-24000;auto;240;off;on;957;4827;3111;1231;irc;off;auto;on;auto;speex-32000;vp8;240;on;off;938;2592;125;3946
iptel.org;on;tls;off;auto;amr-wb-16000;red;1080;on;off;1206;4827;3933;318;irc;off;udp;off;true;ilbc-8000;rtx;1080;on;on;1361;3857;269;432
h323;off;tls;on;true;pcma-8000;h264;480;on;on;1049;4827;3102;1231;irc;on;auto;on;auto;opus-48000;vp8;240;on;off;938;3847;246;4109
irc;off;tls;on;auto;silk-24000;red;480;off;on;1052;4827;3102;1231;irc;off;auto;on;auto;silk-8000;vp8;480;on;off;747;2558;113;3946
iptel.org;off;tls;on;auto;silk-24000;red;480;off;on;783;4827;1834;1028;irc;off;auto;off;auto;pcmu-8000;auto;240;on;off;525;2878;246;2448
iptel.org;off;tls;off;true;silk-24000;auto;480;off;on;957;4827;1601;1801;irc;on;auto;off;auto;speex-32000;vp8;480;on;off;1029;3866;246;3946
aim;off;tls;on;auto;silk-24000;vp8;360;off;off;940;4827;3111;1231;irc;off;auto;off;auto;speex-32000;vp8;480;on;off;525;2878;246;1330
irc;off;tls;on;true;silk-24000;ulpfec;480;off;on;1052;4575;1601;1231;irc;off;auto;off;auto;speex-32000;vp8;480;on;off;525;2878;246;1330
iptel.org;on;tls;off;auto;pcma-8000;h264;480;on;on;1049;4827;3102;1231;irc;on;auto;on;auto;g722-16000;vp8;240;off;off;525;2982;113;4109
iptel.org;off;tls;off;auto;pcma-8000;h264;480;on;on;1049;4827;2914;1231;irc;on;auto;on;auto;silk-12000;rtx;480;on;off;1114;2558;246;3946
sip;off;tls;on;auto;silk-24000;vp8;480;off;on;957;4827;3111;1231;irc;off;auto;besteffort;auto;telephone-event-80000;vp8;240;on;off;537;2564;246;4082
irc;off;tls;on;auto;silk-24000;red;720;off;on;1185;4827;1834;1177;irc;on;auto;on;auto;speex-32000;vp8;480;on;off;537;2564;246;4082
sip;off;tls;on;auto;silk-24000;auto;480;on;on;594;4575;2417;796;h323;off;auto;on;auto;speex-32000;vp8;240;on;off;957;2558;295;4109
irc;off;tls;on;auto;silk-24000;rtx;240;off;on;767;4827;3102;1231;irc;on;auto;on;auto;g722-16000;vp8;1080;on;off;938;2558;208;4109
irc;on;tls;on;auto;silk-24000;vp8;480;off;on;732;4827;3102;1231;ippi;off;auto;off;auto;silk-16000;vp8;240;on;off;1114;4166;269;3946
iptel.org;off;tls;off;auto;pcma-8000;red;480;on;on;1049;4827;2914;1231;icq;on;auto;off;auto;silk-12000;rtx;1080;on;off;938;3847;246;4109
sip;off;tls;on;auto;opus-48000;vp8;1080;off;on;957;4827;1601;1231;irc;off;auto;off;auto;pcmu-8000;vp8;480;on;off;938;2592;269;4109
iptel.org;on;tls;off;auto;pcma-8000;red;720;off;off;1049;4827;1834;1231;icq;on;auto;off;auto;pcmu-8000;rtx;1080;on;off;514;2878;246;4109
sip;off;tls;on;auto;silk-24000;rtx;480;on;on;957;4827;1834;1231;h323;off;auto;besteffort;auto;speex-32000;vp8;480;on;off;1089;872;113;3946
h323;off;tls;on;auto;silk-24000;h264;720;off;on;1185;4827;1834;1231;irc;on;auto;on;auto;telephone-event-80000;ulpfec;240;on;off;938;2558;208;4109
irc;on;tls;on;auto;silk-24000;auto;720;off;off;1029;4827;3102;1231;irc;on;auto;on;auto;speex-32000;vp8;480;on;off;1139;3847;246;2298
iptel.org;on;tls;on;auto;silk-24000;h264;480;off;on;1052;4575;1601;1801;irc;off;auto;off;auto;speex-16000;vp8;240;on;off;1029;3866;246;3946
iptel.org;on;tls;off;auto;silk-12000;red;360;off;off;1358;4575;4452;4203;googletalk;off;udp;off;true;silk-24000;rtx;1080;on;off;1139;3867;84;1924
irc;off;tls;on;auto;silk-24000;auto;480;off;on;1052;4575;1601;1231;irc;off;auto;on;auto;auto;vp8;480;on;off;1216;2564;113;3946
irc;off;tls;on;auto;silk-24000;red;480;on;on;1184;4827;3531;1231;irc;off;auto;on;auto;silk-8000;h264;480;on;off;747;3276;246;3946
h323;off;tls;on;auto;silk-24000;auto;480;off;on;957;4827;3111;1231;irc;off;auto;on;auto;speex-32000;vp8;480;on;off;1145;2564;113;4109
sip;off;tls;on;auto;silk-24000;vp8;1080;on;on;1052;4827;1143;1231;irc;off;auto;off;auto;silk-16000;vp8;480;on;on;938;2558;295;4109
h323;off;tls;on;auto;silk-24000;vp8;240;off;on;1185;4827;3111;1231;irc;on;auto;off;auto;amr-wb-16000;vp8;480;on;off;525;2564;113;3946
iptel.org;off;tls;on;auto;silk-24000;red;480;off;on;957;4827;3111;2422;irc;off;auto;off;auto;speex-32000;h264;360;on;off;1361;3857;406;1923
irc;off;tls;off;auto;silk-24000;red;240;off;off;1049;4827;1834;1133;irc;off;udp;off;auto;silk-12000;rtx;1080;on;off;938;2558;113;1012
iptel.org;on;tls;off;auto;amr-wb-16000;red;720;off;off;1049;4827;4494;2511;icq;off;udp;off;true;speex-32000;rtx;1080;on;on;1139;3570;84;1924
h323;off;tls;on;auto;silk-24000;auto;480;off;on;957;4827;3102;1231;irc;off;auto;on;auto;speex-32000;vp8;480;on;off;525;3847;246;3946
irc;off;tls;on;auto;silk-24000;vp8;720;off;on;1041;4827;3102;1231;irc;on;auto;on;auto;silk-16000;vp8;480;on;off;1276;2558;295;1924
iptel.org;on;tls;off;auto;pcma-8000;h264;480;on;on;1049;4827;2914;1231;icq;off;auto;on;auto;silk-12000;rtx;480;on;off;1145;2564;113;4109
iptel.org;on;tls;off;auto;silk-12000;red;720;off;on;957;4827;3111;292;irc;off;auto;off;auto;speex-8000;red;480;on;off;1114;4166;269;3946
iptel.org;off;tls;off;auto;pcma-8000;red;720;on;off;1049;4835;4494;1542;icq;off;udp;off;true;silk-16000;rtx;1080;on;off;1114;4166;269;283
iptel.org;off;tls;on;auto;silk-24000;red;480;off;on;1049;4827;2914;1231;irc;off;tcp;off;auto;speex-32000;vp8;720;on;off;938;2695;113;3243
aim;off;tls;on;auto;opus-48000;vp8;240;off;on;957;4770;1601;1231;irc;on;auto;on;auto;pcmu-8000;vp8;240;on;on;537;2592;369;4109
iptel.org;off;tls;on;auto;silk-24000;red;480;on;on;957;4827;3102;1231;irc;off;auto;on;auto;speex-32000;ulpfec;480;on;off;1361;3857;406;1923
iptel.org;on;tcp;off;auto;pcma-8000;red;480;off;off;518;4991;4494;2511;icq;off;udp;off;true;speex-32000;rtx;1080;on;on;1139;3570;84;1924
irc;on;tls;on;auto;silk-24000;vp8;480;off;on;732;4827;3102;1231;ippi;off;auto;off;auto;silk-16000;ulpfec;480;on;off;1068;2564;113;3946
sip;off;tls;on;auto;silk-24000;vp8;240;off;on;957;4827;1757;1231;irc;on;auto;on;auto;pcmu-8000;vp8;360;on;off;525;2564;246;3946
sip;on;tls;on;auto;silk-24000;red;480;off;on;879;4827;3111;1231;irc;off;auto;on;auto;speex-32000;vp8;480;off;off;1145;2564;113;4099
iptel.org;on;tls;off;auto;pcma-8000;h264;480;on;on;1049;4827;4494;1041;ippi;off;udp;off;true;speex-16000;rtx;1080;on;off;752;4589;204;1881
iptel.org;off;tls;off;auto;pcma-8000;red;720;on;off;753;4827;4494;1542;icq;off;udp;off;true;silk-16000;rtx;1080;on;off;1114;4166;269;283
sip;off;tls;on;auto;silk-24000;vp8;480;off;on;750;4827;3102;1173;irc;on;auto;on;auto;telephone-event-80000;vp8;720;on;off;938;2564;113;3946
sip;off;tls;on;auto;silk-24000;auto;360;off;on;957;4827;3102;1231;irc;off;auto;on;auto;auto;vp8;480;on;off;1216;2564;113;3946
sip;off;tls;on;auto;silk-24000;vp8;240;off;on;1052;4827;3102;1231;h323;off;auto;on;auto;speex-32000;ulpfec;240;on;off;930;2592;295;3901
aim;off;tls;on;auto;silk-24000;vp8;240;on;on;594;4575;1601;1801;irc;on;auto;off;auto;speex-16000;vp8;480;on;off;938;2695;113;3946
irc;off;tls;off;auto;silk-24000;red;240;off;off;1052;4827;4494;1542;icq;off;auto;off;auto;silk-12000;rtx;480;on;off;1001;3305;113;3946
iptel.org;on;tcp;off;auto;speex-16000;red;720;off;off;1049;4827;4494;2932;icq;off;udp;off;true;telephone-event-80000;rtx;1080;on;on;1139;3570;84;2448
h323;off;tls;on;auto;silk-16000;rtx;480;on;on;957;4827;3111;1231;irc;off;auto;on;auto;speex-16000;vp8;240;on;off;930;4589;204;3946
irc;off;tls;on;auto;silk-24000;vp8;720;off;on;729;4827;3541;1231;irc;off;auto;off;auto;g722-16000;vp8;480;on;off;1114;4166;269;3946
sip;on;tls;on;auto;silk-24000;auto;240;off;on;957;4827;3102;1231;irc;off;auto;on;auto;pcma-8000;vp8;240;on;off;769;2878;246;4109
iptel.org;off;tls;off;true;silk-24000;red;240;off;on;1185;4827;3111;1231;irc;on;auto;off;auto;amr-wb-16000;vp8;480;on;off;525;2564;113;3946
iptel.org;off;tls;on;false;silk-24000;auto;360;off;on;1021;4827;3111;1231;irc;on;auto;on;auto;speex-32000;ulpfec;480;on;off;1001;2564;113;3946
iptel.org;off;tls;on;auto;silk-24000;red;480;off;on;957;4827;3111;2422;irc;off;auto;off;auto;speex-32000;h264;480;on;off;1114;2558;295;2098
h323;off;tls;on;auto;silk-16000;rtx;480;on;on;957;4827;3111;1231;irc;off;auto;on;auto;silk-8000;vp8;480;on;off;525;3847;246;3946
sip;off;tls;on;auto;pcma-8000;h264;240;on;on;1049;4827;882;1231;irc;on;auto;on;auto;speex-32000;vp8;480;on;off;1318;2695;113;3946
irc;off;tls;on;auto;silk-24000;red;480;off;on;957;4827;3347;1231;irc;on;auto;on;auto;silk-16000;vp8;480;on;off;1078;2558;295;1924
irc;off;tls;off;auto;silk-24000;auto;240;off;on;1240;4827;3102;1922;irc;off;auto;on;auto;speex-32000;ulpfec;480;on;off;1047;4182;113;3946
iptel.org;on;tls;off;auto;pcma-8000;red;720;off;off;1049;4827;3768;1542;icq;off;auto;off;auto;silk-12000;rtx;1080;on;off;1395;3997;369;4109
iptel.org;on;tls;off;auto;pcma-8000;h264;480;on;on;1049;4827;3933;83;icq;off;udp;off;auto;telephone-event-80000;rtx;1080;on;off;936;3867;84;867
iptel.org;on;tls;on;auto;silk-24000;red;480;on;off;1052;4575;1601;1801;irc;off;auto;off;auto;pcmu-8000;rtx;480;on;off;957;2558;295;4109
iptel.org;off;tls;on;auto;silk-24000;auto;240;on;on;1052;4827;3102;1231;irc;on;auto;on;auto;telephone-event-80000;vp8;240;on;off;938;2558;208;4109
sip;off;tls;on;auto;silk-24000;auto;240;off;on;957;4827;3102;1231;irc;off;auto;off;auto;auto;vp8;480;on;off;672;2558;295;4109
sip;off;tls;on;auto;silk-24000;vp8;480;off;on;1052;4827;3102;1231;h323;off;auto;off;auto;silk-8000;ulpfec;240;off;off;938;4080;113;3946
irc;off;tls;on;auto;silk-24000;red;240;off;on;1052;4827;4140;1231;irc;off;auto;off;auto;speex-32000;rtx;480;on;off;525;2558;208;4109
sip;off;tls;on;auto;silk-24000;red;240;off;on;957;4827;2760;1231;irc;off;auto;off;auto;speex-16000;vp8;240;on;off;938;2695;113;4109
irc;off;tls;on;auto;silk-24000;red;240;off;on;1049;4827;4494;1801;irc;off;auto;off;auto;amr-wb-16000;rtx;1080;on;off;757;4093;269;3946
irc;off;tls;on;auto;silk-24000;ulpfec;240;on;on;1052;4827;3362;1063;irc;off;auto;off;auto;speex-32000;vp8;480;on;off;938;2592;125;4082
iptel.org;on;tls;off;auto;amr-wb-16000;red;1080;off;off;1206;4827;4494;1917;icq;off;auto;on;auto;speex-16000;vp8;240;on;off;930;4589;204;3946
iptel.org;on;tls;off;auto;pcma-8000;red;480;on;on;1049;4827;2936;1231;icq;off;auto;off;auto;silk-12000;rtx;240;on;off;947;2592;369;4109
iptel.org;on;tls;off;auto;pcma-8000;red;240;off;off;518;4991;4494;2311;irc;on;udp;off;true;ilbc-8000;rtx;1080;on;on;1361;3857;269;432
irc;off;tls;on;auto;silk-24000;auto;240;off;on;1240;4827;3102;1922;irc;off;auto;on;auto;silk-16000;rtx;1080;on;off;1114;4418;113;3946
irc;off;tls;on;auto;silk-24000;red;240;off;off;1052;4827;3102;1231;icq;on;auto;off;auto;gsm-8000;rtx;1080;on;off;938;2558;113;3946
iptel.org;on;tls;on;auto;silk-24000;red;480;on;off;1052;4575;1601;1801;irc;off;auto;off;auto;pcmu-8000;rtx;480;on;off;938;2695;113;3946
sip;off;tls;on;auto;silk-24000;ulpfec;720;off;on;957;4827;3111;1231;irc;off;auto;off;auto;telephone-event-80000;vp8;360;on;off;1028;3276;246;3946
irc;off;tls;on;auto;silk-24000;red;240;off;on;957;4827;2760;1231;irc;off;auto;on;auto;speex-32000;vp8;480;on;off;1078;2558;295;1924
iptel.org;on;tls;off;auto;pcma-8000;h264;720;off;off;1049;4827;4494;1542;icq;off;udp;off;true;silk-16000;rtx;1080;on;off;1114;2558;208;4109
sip;off;tls;on;auto;silk-24000;vp8;1080;off;on;1041;4827;3102;1231;irc;on;auto;off;auto;pcma-8000;vp8;480;on;off;757;4093;269;2302
irc;off;tls;on;auto;silk-24000;ulpfec;360;off;on;1052;4827;2912;1231;irc;off;auto;on;auto;speex-32000;vp8;480;on;off;957;3847;246;2298
h323;off;tls;on;auto;silk-24000;vp8;480;off;on;879;4827;1834;1231;irc;on;auto;off;auto;g722-16000;vp8;480;on;off;502;2558;208;4109
iptel.org;off;tls;on;auto;silk-24000;red;480;off;on;929;4827;1601;431;irc;off;auto;on;auto;g722-16000;vp8;480;on;off;525;2982;113;4109
irc;off;tls;on;auto;silk-24000;auto;360;on;on;1052;4827;3102;1231;irc;on;auto;on;auto;telephone-event-80000;vp8;480;on;off;938;2558;208;4109
sip;off;tls;on;auto;silk-24000;vp8;480;on;on;1052;4827;3102;1231;irc;off;auto;off;auto;silk-12000;vp8;480;on;off;938;2558;113;3946
h323;off;tls;on;auto;silk-24000;auto;240;off;on;957;4827;3111;1231;irc;off;auto;on;auto;speex-32000;vp8;480;on;off;1145;2564;113;4109
iptel.org;off;tls;on;auto;amr-wb-16000;red;1080;off;off;1206;4827;3933;318;irc;off;udp;off;true;ilbc-8000;rtx;1080;on;on;1361;3857;269;432
iptel.org;off;auto;on;auto;pcma-8000;red;720;off;off;1049;4827;1834;1231;icq;on;auto;off;auto;silk-16000;rtx;1080;on;off;1114;2558;208;4109
iptel.org;on;tls;off;auto;pcma-8000;red;360;off;off;1049;4827;4494;1542;icq;off;auto;off;auto;pcmu-8000;rtx;1080;on;on;757;4093;208;4109
h323;off;tls;off;auto;silk-24000;vp8;240;off;on;1052;4827;2478;1231;irc;off;auto;off;auto;pcma-8000;vp8;240;on;off;769;2878;246;4109
sip;off;tls;on;auto;silk-24000;auto;240;off;on;957;4827;1834;1231;irc;off;auto;on;auto;speex-32000;vp8;480;on;off;957;2558;295;4109
sip;off;tls;on;auto;silk-24000;vp8;240;off;on;957;4827;1601;1231;irc;off;auto;off;auto;silk-8000;ulpfec;480;on;on;938;2558;208;4109
irc;on;tls;off;auto;silk-12000;red;1080;off;off;1206;4827;4494;2511;icq;off;udp;off;true;silk-8000;rtx;1080;on;on;1139;3570;84;1924
irc;off;tls;on;auto;silk-24000;vp8;480;on;on;750;4827;3102;1173;irc;on;auto;on;auto;telephone-event-80000;vp8;720;on;off;938;2564;113;3946
irc;off;tls;on;auto;silk-24000;auto;360;off;on;957;4827;3102;1231;irc;off;auto;off;auto;silk-8000;rtx;480;on;off;525;3847;246;4109
h323;off;tls;on;auto;pcma-8000;rtx;480;on;on;1184;4827;3102;1231;irc;off;auto;on;auto;silk-8000;vp8;480;on;off;1028;3276;246;3946
iptel.org;on;tls;on;auto;silk-24000;red;480;on;on;957;4827;1834;1231;h323;off;auto;on;auto;speex-32000;vp8;480;on;off;1089;872;113;3946
irc;off;tls;on;auto;silk-24000;vp8;240;off;on;957;4827;3347;1231;irc;on;auto;on;auto;speex-32000;vp8;480;on;off;1139;3847;246;2298
irc;off;tls;on;auto;silk-24000;auto;480;off;on;769;4827;1970;1231;irc;off;tls;off;auto;pcmu-8000;rtx;480;on;off;957;2558;295;4109
sip;off;tls;on;auto;pcma-8000;h264;240;on;on;1052;4827;3102;1231;irc;off;auto;off;auto;speex-32000;vp8;720;on;off;938;2695;113;3946
aim;off;tls;on;auto;silk-24000;vp8;360;off;on;957;4827;1834;1231;irc;on;auto;besteffort;auto;amr-wb-16000;vp8;480;on;off;938;2558;113;3946
irc;off;tls;on;auto;silk-24000;ulpfec;240;on;on;1052;4827;3362;1063;irc;off;auto;off;auto;speex-32000;vp8;480;on;off;757;2722;269;2302
iptel.org;off;tls;on;auto;silk-24000;auto;240;off;on;957;4827;3111;1231;irc;off;auto;on;auto;speex-32000;ulpfec;240;on;off;762;2592;125;3946
aim;off;tls;on;auto;silk-24000;vp8;480;on;on;1052;4827;3102;1231;irc;off;auto;besteffort;auto;speex-32000;vp8;240;on;off;938;2695;113;3946
aim;off;tls;on;auto;silk-24000;vp8;480;on;on;659;4571;2480;1981;irc;off;auto;on;auto;pcmu-8000;vp8;360;on;off;930;2592;295;3901
iptel.org;off;tls;on;auto;silk-24000;vp8;480;off;on;1052;4827;3102;1231;irc;off;auto;besteffort;auto;telephone-event-80000;vp8;240;on;off;537;2564;246;4082
iptel.org;on;tls;off;auto;amr-wb-16000;red;1080;off;off;1206;4827;4494;2511;icq;off;udp;off;true;telephone-event-80000;rtx;1080;on;on;757;4093;208;4109
sip;off;tls;on;auto;silk-24000;vp8;480;on;on;691;4575;1601;1801;irc;off;auto;on;auto;pcma-8000;vp8;480;on;off;1089;4134;113;3946
iptel.org;off;tls;off;auto;pcma-8000;h264;480;off;on;1049;4827;2914;1231;icq;on;auto;off;false;silk-12000;rtx;1080;on;off;966;3997;4254;4109
iptel.org;on;tls;off;auto;pcma-8000;h264;480;on;on;1049;4827;1643;1041;ippi;off;udp;off;true;speex-16000;vp8;480;on;off;525;3847;246;3946
iptel.org;off;tls;off;auto;silk-12000;red;1080;off;off;1358;4575;1203;1133;irc;off;udp;off;auto;silk-12000;rtx;1080;on;off;938;2558;113;1012
irc;off;tls;on;auto;silk-24000;auto;1080;off;on;957;4827;3111;1231;irc;off;auto;on;auto;speex-32000;vp8;240;on;off;947;2592;369;4109
iptel.org;off;tls;off;auto;pcma-8000;h264;480;on;off;957;4827;1601;1231;irc;off;auto;off;auto;silk-8000;ulpfec;240;on;off;938;2695;113;3946
irc;on;tls;on;auto;silk-24000;auto;720;off;on;957;4827;3111;1231;ippi;off;auto;off;auto;silk-16000;ulpfec;480;on;off;1068;2564;113;3946
irc;off;tls;on;auto;silk-24000;red;240;off;off;1029;4827;3102;1231;irc;on;auto;on;auto;speex-32000;vp8;480;on;off;1139;3847;246;2298
h323;off;tls;on;auto;silk-24000;rtx;480;on;on;1184;4827;3102;1231;irc;off;auto;on;auto;silk-8000;vp8;480;on;off;747;3276;246;3946
iptel.org;off;tls;on;auto;silk-24000;red;480;off;on;957;4827;3111;2422;irc;off;auto;on;auto;silk-12000;rtx;480;on;off;1114;2558;246;3946
irc;off;tls;on;auto;silk-24000;vp8;240;on;on;1052;4827;1175;1231;irc;off;auto;on;auto;silk-8000;vp8;240;on;off;1114;4166;269;3946
iptel.org;off;tls;off;auto;pcma-8000;h264;480;on;on;1049;4827;2914;1231;irc;on;auto;on;auto;silk-12000;rtx;480;on;off;1114;2558;246;3946
irc;off;tls;on;auto;opus-48000;auto;240;on;on;1052;4827;3102;1231;irc;off;auto;off;auto;g722-16000;vp8;480;on;off;1114;2558;246;3740
sip;off;tls;on;auto;silk-24000;auto;240;off;on;1052;4827;3102;1231;irc;on;auto;on;auto;silk-24000;vp8;240;on;off;938;524;113;3946
sip;off;tls;on;auto;silk-24000;vp8;1080;off;on;1041;4827;3632;1822;irc;on;auto;off;auto;silk-16000;ulpfec;480;on;off;1114;2558;208;4109
irc;off;tls;on;auto;silk-24000;vp8;240;off;on;957;4827;1601;1231;irc;off;auto;off;auto;silk-8000;ulpfec;240;on;off;938;1251;113;3946
sip;off;tls;on;auto;silk-24000;red;240;off;on;957;4827;2760;1231;irc;off;auto;on;auto;gsm-8000;vp8;480;on;off;537;2592;369;4109
irc;off;tls;on;auto;silk-24000;auto;240;off;on;1240;4827;3102;1922;irc;off;auto;off;auto;speex-32000;ulpfec;480;on;off;1047;4182;113;3946
irc;off;tls;on;auto;silk-24000;auto;360;off;on;1052;4827;2912;1231;irc;off;auto;off;auto;speex-32000;vp8;720;on;off;938;2695;113;3946
iptel.org;on;tls;on;auto;silk-24000;vp8;720;off;on;1185;4827;1834;1177;irc;on;auto;on;auto;speex-32000;vp8;480;on;off;537;2564;246;4082
irc;off;tls;on;auto;silk-16000;vp8;240;off;on;659;4571;2480;1981;irc;off;auto;on;auto;g722-16000;vp8;240;on;off;938;2558;208;4109
h323;off;tls;on;auto;silk-24000;vp8;480;off;on;879;4827;2336;1231;h323;off;auto;on;auto;auto;vp8;240;on;off;525;2558;113;3946
h323;off;tls;on;auto;silk-24000;vp8;480;off;on;940;4827;3111;1231;irc;off;auto;off;auto;pcma-8000;vp8;480;on;off;1388;2564;113;3946
irc;off;tls;off;auto;silk-24000;red;240;on;on;957;4827;1834;1231;irc;on;auto;off;auto;g722-16000;vp8;1080;on;off;938;2558;208;4109
sip;off;tls;on;auto;silk-24000;auto;360;off;on;1021;4827;3111;1231;irc;off;auto;on;auto;speex-32000;ulpfec;480;on;off;587;2558;113;4109
irc;on;tls;on;auto;silk-24000;auto;720;off;on;957;4827;3111;1231;irc;off;auto;off;auto;silk-16000;ulpfec;480;on;off;604;2878;246;1330
sip;off;tls;on;auto;silk-24000;vp8;720;off;on;729;4827;3541;1231;irc;off;auto;off;auto;g722-16000;vp8;480;on;off;1305;2564;246;2448
sip;off;tls;on;auto;silk-24000;auto;240;off;on;1185;4827;3102;1231;irc;on;auto;on;auto;speex-32000;vp8;480;on;off;1114;2558;295;2098
iptel.org;on;tls;off;auto;pcma-8000;h264;720;on;on;1049;4827;3102;1231;irc;on;auto;on;auto;g722-16000;vp8;240;on;off;947;2592;369;4109
iptel.org;on;tls;off;auto;silk-24000;red;480;off;on;957;4827;3111;2422;irc;off;auto;off;auto;speex-32000;h264;480;on;off;938;4473;208;4109
iptel.org;off;tls;off;true;silk-24000;auto;480;off;on;957;4827;1601;1801;irc;on;auto;off;auto;speex-16000;vp8;480;on;off;1089;872;113;3946
iptel.org;off;tls;off;auto;pcma-8000;red;480;on;on;1049;4827;2914;1231;irc;on;auto;off;auto;speex-32000;vp8;240;on;off;957;2558;208;4109
iptel.org;on;tls;off;auto;pcma-8000;h264;480;off;off;705;4827;3111;1760;irc;off;auto;off;auto;speex-32000;auto;480;on;off;1137;2982;113;3946
irc;off;tls;on;auto;silk-24000;vp8;480;on;on;1052;4827;3102;1231;irc;off;auto;on;auto;silk-8000;vp8;480;on;off;747;2558;113;3946
iptel.org;on;tls;off;auto;amr-wb-16000;red;1080;on;off;1206;4827;3933;318;irc;off;udp;off;true;ilbc-8000;rtx;1080;on;on;1361;3857;269;432
h323;off;tls;off;auto;silk-24000;auto;240;off;on;957;4827;3111;1231;irc;off;auto;on;auto;speex-32000;vp8;480;on;off;1145;2564;113;4109
iptel.org;off;tls;off;auto;pcma-8000;red;480;on;on;1049;4827;2914;1231;irc;on;auto;off;auto;speex-32000;vp8;480;on;off;938;2558;208;4109
sip;off;tls;on;auto;silk-12000;vp8;240;off;on;957;4827;1601;1231;irc;off;auto;off;auto;silk-8000;ulpfec;480;on;off;938;2558;113;4109
irc;off;tls;on;auto;silk-24000;auto;480;off;on;1052;4575;1601;1231;irc;off;auto;on;auto;g722-16000;vp8;480;on;off;525;2564;113;3946
sip;off;tls;on;auto;silk-24000;vp8;1080;off;on;1041;4827;3632;1822;irc;off;auto;off;auto;speex-32000;vp8;480;on;off;525;2878;246;1330
iptel.org;on;auto;off;auto;silk-16000;red;720;on;on;957;4827;1884;2422;irc;off;auto;off;auto;speex-32000;h264;480;on;off;792;3518;113;2298
sip;off;tls;on;auto;silk-24000;red;240;off;on;957;4827;2760;1231;irc;off;auto;on;auto;speex-32000;vp8;1080;on;off;930;2592;295;4109
irc;off;tls;off;auto;silk-24000;red;240;on;on;1049;4827;4494;1542;icq;off;auto;off;auto;silk-12000;rtx;1080;on;off;1139;3570;84;1924
irc;off;tls;on;auto;silk-24000;auto;240;off;on;1185;4827;3102;1231;irc;on;auto;on;auto;telephone-event-80000;vp8;240;on;off;537;2592;295;3901
irc;off;tls;on;auto;silk-24000;red;240;off;on;1052;4827;3102;1231;irc;off;auto;on;auto;speex-32000;vp8;240;on;off;704;3724;208;4109
iptel.org;off;tls;off;auto;pcmu-8000;auto;240;on;on;1052;4827;3102;1231;irc;off;auto;off;auto;ilbc-8000;rtx;720;on;off;1114;2558;246;3740
sip;off;tls;on;auto;silk-24000;ulpfec;720;on;on;957;4827;3111;1231;irc;off;auto;off;auto;telephone-event-80000;vp8;360;on;off;728;2695;113;3946
sip;off;tls;on;auto;silk-24000;vp8;240;on;on;1052;4827;1175;1231;irc;off;auto;on;auto;g722-16000;vp8;240;on;off;938;2558;208;4109
irc;off;tls;on;auto;speex-32000;red;480;off;on;1240;4827;3102;1231;irc;off;auto;on;auto;silk-8000;vp8;480;on;off;747;3276;246;3946
iptel.org;off;tls;off;auto;pcma-8000;h264;480;on;on;1049;4827;3933;318;icq;off;udp;off;true;silk-24000;rtx;1080;on;off;1361;3857;269;1923
iptel.org;on;tls;on;auto;silk-24000;auto;240;off;on;957;4827;1834;1231;irc;on;auto;off;auto;g722-16000;vp8;480;on;off;502;2558;208;4109
irc;off;tls;on;auto;silk-24000;vp8;240;on;on;659;4571;2480;1981;irc;off;auto;on;auto;g722-16000;vp8;240;on;off;938;2558;208;4109
irc;off;tls;on;auto;silk-24000;red;240;off;on;957;4827;2760;1231;irc;off;auto;on;auto;speex-32000;vp8;1080;on;off;930;2592;295;4109
iptel.org;off;tls;off;auto;amr-wb-16000;red;720;off;off;1049;4827;1834;1231;irc;off;auto;off;true;speex-16000;rtx;1080;on;off;752;4589;204;3946
irc;off;tls;on;auto;silk-24000;ulpfec;720;off;on;957;4827;3111;1231;irc;off;auto;off;auto;silk-12000;vp8;480;on;off;747;3255;246;3946
iptel.org;on;tls;off;auto;amr-wb-16000;red;1080;off;off;1049;4827;3111;937;irc;off;auto;on;auto;g722-16000;vp8;480;on;off;930;2592;295;3946
iptel.org;off;tls;off;auto;silk-24000;auto;480;off;on;1052;4575;1601;1801;irc;off;auto;off;auto;speex-16000;vp8;480;on;off;525;2982;113;4109
aim;off;tls;on;auto;silk-24000;vp8;360;on;on;659;4571;2480;1981;irc;off;auto;on;auto;g722-16000;vp8;240;on;off;885;2695;113;3946
h323;off;tls;on;auto;silk-24000;vp8;480;off;on;715;4827;2091;1231;irc;off;auto;off;auto;silk-16000;vp8;240;on;off;930;2592;246;4082
irc;off;tls;on;auto;silk-24000;vp8;480;off;on;732;4827;3102;1409;irc;on;auto;on;auto;telephone-event-80000;vp8;240;on;off;525;2982;113;4109
irc;off;tls;on;auto;silk-24000;vp8;240;off;off;1069;3209;3111;1760;irc;off;auto;off;auto;speex-32000;vp8;480;on;off;765;3857;269;1923
sip;off;tls;on;auto;opus-48000;vp8;1080;off;off;1282;4974;3933;1231;irc;off;auto;off;auto;amr-wb-16000;vp8;480;on;off;525;3857;269;1923
irc;off;tls;off;auto;silk-24000;red;240;on;on;957;4827;1834;1231;irc;on;auto;off;auto;speex-32000;rtx;1080;on;on;718;2558;208;172
irc;off;tls;on;auto;silk-24000;red;720;off;off;1049;4827;3768;1542;irc;on;auto;on;auto;speex-32000;vp8;480;on;off;1089;872;113;3946
iptel.org;on;tls;off;auto;amr-wb-16000;red;1080;off;off;1206;4827;4494;2511;aim;off;udp;off;true;telephone-event-80000;rtx;1080;on;on;757;4093;208;4109
irc;off;tls;off;auto;silk-24000;red;720;on;on;957;4827;3102;1231;irc;off;auto;on;auto;silk-8000;vp8;480;on;off;992;4059;269;1923
iptel.org;on;tls;off;auto;pcma-8000;red;720;off;off;1049;4827;4494;1542;icq;off;udp;off;true;silk-16000;rtx;1080;on;off;938;2695;113;3946
iptel.org;off;auto;on;auto;silk-24000;red;480;off;on;783;4827;1009;1028;irc;off;auto;off;auto;pcmu-8000;red;480;on;on;952;4093;208;4109
irc;off;tls;on;auto;silk-24000;ulpfec;240;on;on;1052;4827;3102;1231;irc;on;auto;off;auto;silk-12000;vp8;240;on;off;525;2564;113;3946
irc;off;tls;on;auto;silk-24000;red;480;off;on;957;4827;1601;2322;irc;off;tls;on;auto;auto;vp8;480;on;off;525;2982;113;4082
sip;off;tls;on;auto;silk-24000;red;240;off;on;957;4827;2760;2221;irc;off;auto;on;auto;speex-32000;vp8;1080;on;off;930;2592;295;4109
irc;off;tls;on;auto;silk-24000;auto;240;off;on;1052;4743;3102;1231;irc;off;auto;on;auto;speex-32000;vp8;480;on;off;549;2558;208;4109
irc;off;tls;on;auto;silk-24000;red;480;off;on;879;4827;1601;1801;irc;on;auto;off;auto;silk-12000;vp8;1080;off;off;1047;4182;113;283
iptel.org;on;tls;on;auto;silk-24000;vp8;480;off;on;879;4827;1601;1801;irc;on;auto;on;auto;g722-16000;vp8;480;on;off;502;2564;113;3946
irc;off;tls;on;auto;silk-24000;red;480;off;off;1029;4827;3102;1231;irc;on;auto;on;auto;silk-16000;rtx;240;on;off;938;2695;113;3946
irc;off;tls;on;auto;silk-24000;rtx;240;on;on;1052;4827;3102;1231;irc;off;auto;besteffort;auto;telephone-event-80000;vp8;240;on;off;930;2592;295;3901
sip;off;tls;on;auto;silk-24000;auto;480;off;on;1052;4575;1601;1801;irc;off;auto;off;auto;speex-16000;vp8;240;on;off;525;2982;113;4109
sip;off;tls;on;auto;silk-24000;rtx;240;on;on;957;4827;1834;1231;irc;on;auto;besteffort;auto;amr-wb-16000;vp8;480;on;off;938;2558;113;3946
sip;off;tls;on;auto;silk-24000;vp8;360;off;off;940;4827;2200;1231;irc;off;auto;off;auto;speex-32000;vp8;480;on;on;525;2878;246;1330
irc;off;tls;on;auto;silk-24000;ulpfec;360;off;on;1052;4827;2912;1231;irc;off;tcp;off;auto;speex-32000;vp8;240;on;off;938;2695;113;4109
aim;off;tls;on;auto;silk-24000;vp8;240;on;on;659;4571;2480;1981;irc;off;auto;on;auto;g722-16000;vp8;240;on;off;938;2558;208;4109
sip;on;tls;on;auto;opus-48000;vp8;1080;off;off;1282;4827;3673;1231;irc;off;auto;off;auto;speex-32000;vp8;480;on;off;525;2878;246;2298
sip;off;tls;on;auto;silk-24000;auto;240;off;on;1052;4827;3102;1231;irc;on;auto;on;auto;silk-24000;vp8;240;on;off;938;2695;113;3946
irc;off;tls;on;auto;silk-24000;vp8;480;off;on;957;4827;1834;1231;irc;on;auto;off;auto;g722-16000;vp8;720;on;off;1139;3867;84;1924
irc;off;tls;on;auto;silk-24000;rtx;240;off;on;767;4827;3102;1231;irc;on;auto;on;auto;silk-24000;vp8;480;on;off;525;2564;113;3946
h323;off;tls;on;auto;pcma-8000;h264;240;on;on;1049;4827;882;1231;irc;on;auto;on;auto;speex-32000;vp8;480;on;off;1394;2695;113;3946
iptel.org;on;tls;off;auto;pcma-8000;red;720;on;off;753;4827;4494;2324;icq;off;udp;off;true;silk-16000;rtx;1080;on;off;747;2965;246;3946
iptel.org;off;tls;on;auto;silk-24000;vp8;480;off;on;1052;4827;3102;1231;irc;off;auto;besteffort;auto;telephone-event-80000;vp8;240;on;off;537;2564;246;4109
h323;off;tls;on;auto;silk-24000;vp8;360;off;on;1052;4827;3102;1231;irc;off;auto;on;auto;pcma-8000;vp8;240;on;off;769;4364;246;4109
aim;off;tls;on;auto;silk-24000;vp8;240;on;on;659;4571;2480;1981;irc;off;auto;on;auto;silk-8000;vp8;240;on;off;1114;4166;269;3946
sip;off;tls;on;auto;silk-24000;auto;480;on;on;957;4827;3111;1231;irc;off;auto;on;auto;speex-16000;vp8;240;on;off;930;4589;204;3946
iptel.org;off;tls;on;false;silk-24000;auto;360;off;on;1021;4827;3111;1231;irc;on;auto;on;auto;speex-32000;vp8;480;on;off;525;3847;246;3946
sip;on;tls;on;auto;pcma-8000;h264;240;on;on;1052;4827;3102;1231;irc;off;auto;on;auto;g722-16000;vp8;480;on;off;525;2982;113;4109
iptel.org;on;tls;off;auto;silk-12000;red;720;off;on;957;4827;3111;3773;irc;off;auto;off;auto;silk-12000;rtx;1080;on;off;1395;3997;369;4109
sip;off;tls;on;auto;silk-24000;auto;240;on;on;1052;4827;3102;1231;irc;off;auto;on;auto;silk-8000;vp8;480;on;off;525;3847;246;3946
irc;off;tls;on;auto;silk-24000;red;720;off;off;1049;4827;4494;2932;h323;off;udp;off;true;telephone-event-80000;rtx;1080;on;on;1139;3570;84;2448
irc;off;tls;on;true;silk-24000;vp8;360;off;on;879;4827;1601;1231;irc;off;auto;off;auto;g722-16000;auto;1080;on;off;938;2558;208;4109
iptel.org;off;tls;off;auto;pcma-8000;h264;480;on;on;1049;4827;2914;1231;icq;on;auto;on;auto;pcmu-8000;vp8;360;on;off;525;2564;246;3946
aim;off;tls;on;auto;opus-48000;vp8;240;off;on;957;4827;1601;1231;irc;on;auto;on;auto;pcmu-8000;vp8;240;on;off;549;2558;208;4109
aim;off;tls;on;auto;silk-24000;vp8;240;off;on;1052;4827;2478;1231;irc;off;auto;besteffort;auto;telephone-event-80000;vp8;240;on;off;525;2564;113;3946
iptel.org;off;tls;on;auto;silk-24000;red;480;off;on;957;4827;3111;2422;irc;off;auto;off;auto;g722-16000;vp8;240;on;off;938;2695;113;3946
aim;off;tls;on;auto;silk-24000;vp8;360;off;on;1185;4827;3111;1231;irc;on;auto;off;auto;amr-wb-16000;vp8;480;on;off;525;2564;113;3946
h323;off;tls;on;auto;silk-24000;vp8;240;off;on;1185;4678;2616;823;irc;on;auto;on;auto;speex-32000;vp8;240;on;off;704;3724;208;4109
sip;on;tls;on;auto;opus-48000;vp8;480;off;on;1052;4575;1601;1231;irc;off;auto;on;auto;g722-16000;vp8;480;on;off;525;2564;113;3946
irc;off;tls;on;auto;silk-24000;auto;1080;off;on;957;4827;3111;1231;irc;on;auto;off;auto;silk-8000;vp8;480;on;off;502;2564;113;3946
sip;off;tls;on;auto;silk-24000;auto;480;on;on;957;4827;3111;1760;googletalk;off;auto;off;auto;speex-32000;vp8;240;on;off;930;2592;246;4082
sip;off;tls;on;auto;silk-24000;auto;480;off;on;1052;4575;1601;1801;irc;off;auto;off;auto;speex-16000;vp8;240;on;off;1029;3866;246;3946
irc;off;tls;on;auto;silk-24000;rtx;240;on;on;957;4827;1834;1231;irc;on;auto;besteffort;auto;amr-wb-16000;vp8;480;on;off;846;2558;113;3946
irc;off;tls;on;auto;silk-24000;red;240;on;on;1052;4827;1601;1801;irc;off;auto;off;auto;pcmu-8000;rtx;480;on;off;957;2558;295;4109
sip;off;tls;on;auto;silk-24000;vp8;240;on;on;507;4827;3102;1231;irc;on;auto;off;auto;speex-32000;vp8;720;on;off;1106;2695;113;3946
irc;off;tls;on;auto;silk-24000;auto;240;off;off;1052;4827;2576;1231;irc;off;auto;on;auto;pcmu-8000;rtx;480;on;off;930;2592;295;3946
irc;off;tls;on;auto;silk-24000;auto;720;off;on;957;4827;3111;1231;irc;off;auto;off;auto;silk-16000;ulpfec;480;on;off;604;2878;369;4109
irc;off;tls;on;auto;silk-24000;vp8;480;off;on;957;4827;3111;1231;irc;off;auto;on;auto;telephone-event-80000;vp8;480;on;off;1089;872;113;3946
sip;on;tls;on;auto;silk-24000;red;240;off;on;957;4827;2760;1231;irc;off;tls;on;auto;gsm-8000;vp8;480;on;off;537;2592;369;4109
aim;off;tls;on;auto;silk-24000;vp8;360;off;on;1185;4827;3111;1231;irc;off;auto;off;auto;amr-wb-16000;vp8;480;on;on;525;2564;113;3946
h323;off;tls;on;auto;silk-24000;vp8;240;off;on;1185;4827;3111;464;irc;on;auto;off;auto;amr-wb-16000;vp8;480;on;on;525;2564;246;4082
iptel.org;off;tls;off;auto;pcmu-8000;h264;240;on;on;1052;4827;3102;1231;irc;off;auto;off;auto;ilbc-8000;vp8;720;on;off;938;2695;113;3946
h323;off;tls;on;auto;silk-24000;auto;1080;off;on;957;4827;3111;1231;irc;off;auto;on;auto;speex-32000;vp8;480;on;off;1114;2558;246;3946
irc;off;tls;on;auto;opus-48000;vp8;1080;off;on;957;4827;1601;1231;irc;off;auto;off;auto;pcmu-8000;vp8;480;on;off;938;2592;269;2457
sip;off;tls;on;auto;silk-24000;vp8;240;off;on;1052;4827;3102;1231;h323;off;auto;on;auto;speex-32000;vp8;240;on;off;930;2592;295;3946
iptel.org;on;tls;off;auto;silk-12000;red;720;off;on;957;4827;3111;292;irc;off;auto;off;auto;speex-32000;rtx;1080;on;off;704;3724;208;4109
iptel.org;off;tls;on;auto;silk-24000;vp8;480;on;on;1052;4827;3102;1231;irc;off;auto;on;auto;g722-16000;vp8;480;on;off;938;2558;208;4109
iptel.org;on;tls;off;auto;pcmu-8000;h264;240;on;on;1052;4827;3102;1231;irc;off;auto;off;auto;ilbc-8000;rtx;720;on;off;938;2695;113;3946
irc;off;tls;on;auto;silk-24000;auto;480;off;on;1052;4575;1601;1801;irc;off;auto;off;auto;speex-16000;vp8;240;on;off;525;2982;113;4109
iptel.org;on;tls;off;auto;speex-32000;red;1080;off;on;957;4827;1601;1801;irc;off;auto;off;auto;speex-16000;vp8;1080;on;on;1139;3570;84;1924
iptel.org;off;tls;off;auto;silk-16000;red;480;off;on;1140;4827;3111;1231;irc;off;auto;off;auto;speex-32000;rtx;1080;on;off;1001;2564;113;3946
aim;off;tls;on;auto;silk-24000;vp8;720;off;on;718;4827;3102;1231;irc;off;auto;on;auto;silk-8000;vp8;480;on;off;1114;2878;246;2298
aim;off;tls;on;auto;silk-24000;ulpfec;720;off;on;957;4827;3111;1231;irc;off;auto;off;auto;silk-12000;vp8;480;on;off;537;2558;208;4109
irc;off;tls;on;auto;silk-24000;rtx;240;off;on;767;4827;3102;1231;irc;on;auto;on;auto;g722-16000;rtx;1080;on;off;930;2592;295;3901
irc;off;tls;on;auto;silk-24000;red;240;on;on;1052;4827;1834;1231;h323;off;auto;on;auto;speex-32000;vp8;480;on;off;957;2558;295;4109
sip;off;tls;on;auto;silk-24000;rtx;240;off;on;534;4827;3102;1231;irc;off;auto;on;auto;silk-8000;vp8;480;on;off;938;2558;208;4109
sip;off;tls;on;auto;silk-24000;auto;240;off;on;1052;4575;1601;1231;irc;off;auto;on;auto;g722-16000;vp8;480;on;off;525;2564;113;3946
h323;off;tls;on;auto;silk-24000;vp8;240;off;on;1052;4827;2478;1231;h323;off;auto;off;auto;ilbc-8000;vp8;240;on;off;525;2564;113;3946
irc;off;tls;on;auto;silk-24000;red;240;on;on;1052;4827;1601;1801;irc;off;auto;off;auto;pcmu-8000;rtx;480;on;off;1047;3881;113;4109
iptel.org;on;tls;off;auto;pcma-8000;red;720;off;off;1049;4827;3933;1727;icq;off;auto;off;auto;silk-24000;rtx;1080;on;on;502;2564;113;4111
irc;off;tls;on;auto;silk-24000;vp8;480;on;on;1052;4827;1834;1177;irc;off;auto;off;auto;speex-32000;vp8;720;on;off;938;2558;208;4109
irc;off;tls;on;auto;silk-24000;red;480;off;on;957;4827;1601;2322;irc;off;auto;on;auto;silk-24000;vp8;480;on;off;525;2982;113;4109
sip;off;tls;on;auto;silk-24000;auto;360;off;on;957;4827;3102;1231;irc;off;auto;on;auto;auto;vp8;480;on;off;1216;2564;113;3471
irc;off;tls;on;auto;silk-24000;auto;240;off;on;957;4827;1050;1231;irc;off;auto;on;auto;speex-32000;vp8;480;on;off;1145;2564;113;4109
iptel.org;off;tls;on;auto;silk-24000;auto;480;on;on;957;4827;1834;1231;irc;on;auto;off;auto;g722-16000;vp8;480;on;off;502;2558;208;4109
irc;off;tls;off;auto;silk-24000;red;240;off;off;1052;4827;4494;1542;icq;off;auto;off;auto;silk-12000;rtx;480;on;off;1001;2564;113;3946
aim;off;tls;on;auto;silk-24000;vp8;360;off;off;940;4827;3111;1231;irc;off;auto;off;auto;g722-16000;vp8;480;on;off;525;2564;113;3946
iptel.org;off;tls;off;auto;pcma-8000;h264;480;on;on;1049;4827;2914;1231;irc;off;auto;besteffort;auto;telephone-event-80000;vp8;240;on;off;537;2564;246;4082
irc;off;tls;on;auto;silk-24000;auto;480;off;on;1049;4827;4494;1542;icq;off;auto;off;auto;silk-12000;rtx;1080;on;off;938;2558;113;3946
irc;off;tls;on;auto;pcma-8000;red;720;off;off;1049;4827;4494;1542;googletalk;off;udp;off;true;silk-16000;rtx;1080;on;on;1114;4166;269;283
iptel.org;on;tls;off;auto;pcma-8000;red;720;off;off;1049;4827;1834;1231;icq;on;auto;off;auto;silk-24000;rtx;1080;on;off;757;4093;269;1924
iptel.org;on;tls;off;auto;silk-12000;red;240;off;off;1049;4827;4494;1801;irc;off;auto;off;auto;amr-wb-16000;rtx;1080;off;off;1068;2558;208;4109
iptel.org;off;tls;off;auto;amr-wb-16000;red;1080;on;off;1477;4827;3933;1967;irc;on;auto;off;auto;pcmu-8000;auto;480;on;off;549;2878;113;2211
sip;off;tls;on;auto;silk-24000;rtx;240;on;on;957;4827;1834;1231;irc;on;auto;on;auto;speex-32000;vp8;480;on;off;1089;872;113;3946
irc;off;tls;on;auto;silk-24000;red;240;on;on;1052;4827;1834;1231;h323;off;auto;on;auto;speex-32000;vp8;480;on;off;957;2558;113;3946
iptel.org;on;tcp;off;auto;pcma-8000;red;480;off;off;518;4991;4494;2311;irc;on;auto;off;auto;silk-16000;rtx;1080;on;off;646;4166;246;3771
irc;off;tls;on;auto;silk-24000;vp8;480;on;on;1419;4575;1601;1801;irc;on;auto;off;auto;speex-16000;vp8;240;on;off;938;2558;208;4109
irc;off;tls;on;auto;silk-24000;red;240;off;off;1049;4827;4494;1801;irc;off;auto;off;auto;amr-wb-16000;rtx;1080;on;off;1068;2558;208;4109
irc;off;tls;on;auto;silk-24000;auto;480;on;on;594;4575;1601;1801;irc;on;auto;off;auto;speex-16000;vp8;480;on;off;938;2695;113;3946
irc;off;tls;on;auto;silk-24000;vp8;480;off;on;1052;4827;3102;1231;irc;off;auto;on;auto;speex-32000;vp8;240;on;off;957;2558;295;4109
iptel.org;on;tcp;off;auto;pcma-8000;red;720;off;off;1049;4827;4494;1542;icq;off;udp;off;true;silk-16000;rtx;1080;on;off;1114;4166;269;283
irc;off;tls;off;auto;silk-24000;red;720;on;off;957;4827;1829;945;irc;on;auto;off;auto;silk-24000;rtx;1080;on;off;930;2592;295;3901
irc;off;tls;on;auto;silk-24000;ulpfec;360;off;on;1052;4827;2912;1231;irc;off;auto;off;auto;speex-32000;vp8;1080;on;off;1001;2564;113;4109
h323;off;tls;on;auto;silk-24000;h264;720;on;on;1052;4827;1175;1231;irc;off;auto;on;auto;silk-8000;vp8;240;on;off;1114;4166;269;3946
irc;off;tls;on;auto;silk-24000;red;240;on;on;1052;4827;1601;1801;irc;off;auto;off;auto;pcmu-8000;rtx;480;on;off;938;2695;113;3946
irc;off;tls;on;auto;silk-24000;red;480;off;on;929;4827;3111;2422;irc;off;auto;off;auto;silk-8000;rtx;480;on;off;747;2965;246;3946
irc;off;tls;on;auto;silk-24000;vp8;240;off;on;957;4827;3111;2422;sip;off;auto;off;auto;silk-8000;ulpfec;480;on;off;938;3847;246;4109
iptel.org;off;tls;off;auto;silk-24000;red;480;off;on;957;4827;1601;1231;googletalk;off;udp;off;auto;pcmu-8000;ulpfec;360;on;off;957;4805;295;4109
sip;off;tls;on;auto;silk-24000;vp8;480;off;on;732;4827;3102;2453;irc;off;auto;off;auto;silk-16000;ulpfec;480;on;off;604;2878;246;1330
irc;off;tls;on;auto;silk-24000;vp8;240;off;on;957;4827;1601;1231;irc;off;auto;off;auto;silk-8000;ulpfec;240;on;off;938;2695;113;3946
irc;off;tls;on;auto;pcma-8000;red;480;on;on;1049;4827;2936;1231;icq;off;auto;off;auto;silk-12000;rtx;240;on;off;525;2564;113;3946
iptel.org;on;tls;besteffort;auto;pcma-8000;h264;480;off;on;1049;4827;2259;1231;irc;off;auto;off;auto;speex-32000;vp8;720;on;off;938;2695;113;3946
irc;off;tls;on;auto;silk-24000;rtx;480;off;on;710;4827;1834;1034;irc;on;auto;off;auto;silk-16000;rtx;480;on;off;1216;2564;113;3946
iptel.org;off;tls;on;auto;silk-24000;red;480;off;on;783;4827;1834;1028;irc;off;auto;off;auto;pcmu-8000;auto;480;on;off;537;2564;246;4061
iptel.org;on;tls;off;auto;silk-12000;red;720;off;on;957;4827;3111;292;irc;off;tls;off;true;ilbc-8000;red;1080;on;on;1001;2564;208;315
iptel.org;off;tls;off;auto;pcma-8000;h264;480;on;on;1049;4827;2914;1231;icq;on;auto;off;false;silk-12000;rtx;1080;on;off;966;3997;4254;4109
irc;off;tls;on;auto;silk-24000;ulpfec;720;off;on;957;4827;3111;1231;irc;off;auto;off;auto;silk-12000;vp8;480;on;off;537;2558;208;4109
sip;off;tls;on;auto;silk-24000;vp8;360;off;off;940;4827;3933;1231;irc;off;auto;off;auto;speex-32000;vp8;480;on;off;1145;2564;113;4109
iptel.org;on;tls;off;auto;pcma-8000;red;480;on;on;957;4827;3111;1231;irc;off;auto;off;auto;telephone-event-80000;vp8;360;on;off;1028;4802;246;3946
iptel.org;off;tls;off;auto;pcma-8000;h264;480;on;on;1049;4827;2914;1231;icq;on;auto;off;auto;speex-32000;rtx;1080;on;off;957;2558;208;4109
irc;off;tls;on;auto;silk-24000;vp8;480;off;on;772;4827;3111;1231;irc;off;tls;off;auto;g722-16000;vp8;1080;on;off;938;2558;208;4109
irc;off;tls;on;auto;silk-24000;vp8;240;off;off;1282;4974;3933;1231;irc;off;auto;off;auto;speex-32000;vp8;480;on;off;975;3857;269;1923
sip;on;tls;on;auto;pcma-8000;h264;240;on;on;1052;4827;3102;1231;irc;off;auto;off;auto;speex-32000;vp8;720;on;off;938;2695;113;3946
iptel.org;on;tls;off;auto;pcma-8000;red;480;on;on;1049;4827;2914;1231;icq;off;auto;on;auto;silk-12000;rtx;480;on;off;1114;2558;246;3946
irc;off;tls;on;auto;silk-24000;auto;240;off;on;957;4827;3111;1231;irc;off;auto;on;auto;speex-32000;vp8;240;off;off;947;2592;369;4109
irc;off;tls;on;auto;silk-24000;auto;240;off;on;1240;4827;3102;1922;irc;off;auto;on;auto;silk-16000;rtx;1080;on;on;1001;2564;113;3946
sip;off;tls;on;auto;silk-24000;red;240;off;on;957;4827;2760;1231;irc;off;auto;off;auto;silk-8000;ulpfec;480;on;off;938;4789;113;3946
iptel.org;off;tls;on;auto;silk-24000;red;480;off;on;1052;4827;1834;1231;icq;off;auto;off;auto;silk-12000;ulpfec;240;on;off;957;2558;208;4109
sip;off;tls;on;auto;silk-24000;vp8;480;off;on;957;4827;3102;1409;irc;on;auto;on;auto;g722-16000;vp8;480;on;on;918;2564;113;3946
iptel.org;off;tls;off;auto;silk-12000;h264;720;off;off;1049;4827;4494;2511;icq;off;udp;off;true;speex-16000;rtx;1080;on;off;769;4732;246;4109
h323;off;tls;on;auto;silk-24000;vp8;720;off;on;957;4827;3102;1231;irc;on;auto;off;auto;g722-16000;vp8;240;on;off;885;2695;113;3946
iptel.org;off;tls;on;auto;silk-24000;auto;360;off;on;940;4827;3111;1231;irc;off;auto;off;auto;pcma-8000;vp8;480;on;off;525;2878;246;3771
sip;off;tls;on;auto;silk-24000;vp8;1080;off;on;1041;4827;3632;1822;irc;on;tls;off;auto;silk-16000;ulpfec;480;on;off;525;2564;113;3946
iptel.org;on;tls;off;auto;amr-wb-16000;red;1080;off;off;1206;4827;4494;2511;icq;off;udp;off;auto;silk-12000;rtx;1080;on;off;966;3997;113;3901
sip;off;tls;on;auto;silk-24000;vp8;240;off;on;1052;4827;1834;1177;irc;on;auto;off;auto;telephone-event-80000;vp8;240;on;off;525;2564;113;3946
iptel.org;off;tls;on;auto;pcma-8000;h264;480;off;on;1052;4827;3102;1801;irc;off;auto;besteffort;auto;speex-32000;vp8;480;on;off;1114;2878;369;3298
irc;off;tls;on;auto;silk-24000;ulpfec;480;on;on;1052;4575;1601;1801;irc;off;auto;off;auto;speex-16000;vp8;480;on;off;938;2558;208;4109
irc;off;tls;on;auto;silk-24000;vp8;240;off;on;957;4827;1834;1231;irc;on;auto;off;auto;g722-16000;vp8;720;on;off;938;2695;113;3946
iptel.org;off;tls;off;auto;amr-wb-16000;red;720;off;off;1049;4827;1834;1231;icq;off;auto;off;true;silk-24000;rtx;1080;on;on;1361;3857;269;1923
irc;off;tls;on;auto;opus-48000;vp8;1080;off;on;957;4827;1601;1231;irc;off;auto;off;auto;pcmu-8000;vp8;480;on;off;938;2592;269;2457
irc;off;tls;on;auto;silk-24000;red;480;off;off;1029;4827;3102;1231;irc;on;auto;off;auto;silk-16000;vp8;240;on;off;930;2592;246;4082
iptel.org;on;tls;off;auto;pcma-8000;red;720;off;off;1049;4827;1834;1231;icq;on;auto;off;auto;silk-16000;vp8;480;on;off;992;4059;269;1923
iptel.org;off;tls;off;false;pcma-8000;red;480;on;on;1049;4827;2914;1231;irc;on;auto;off;auto;silk-12000;rtx;1080;on;off;938;2558;113;898
h323;off;tls;on;auto;silk-24000;vp8;720;off;on;1041;4827;3102;1231;irc;on;auto;on;auto;silk-16000;vp8;480;on;off;525;2564;246;3946
irc;on;tls;on;auto;silk-24000;vp8;240;off;on;1052;4827;3102;1231;h323;off;auto;on;auto;speex-32000;ulpfec;240;on;off;930;2592;295;3901
iptel.org;on;tls;on;auto;silk-24000;red;1080;off;on;957;4827;3111;1231;irc;off;auto;on;auto;speex-32000;vp8;480;on;off;892;2564;113;3898
sip;off;tls;on;auto;silk-24000;vp8;360;off;off;940;4827;2200;1231;irc;off;auto;off;auto;speex-32000;vp8;480;on;off;525;2878;246;1330
irc;off;tls;on;auto;silk-24000;red;480;on;on;1184;4827;3531;1231;irc;off;auto;on;auto;silk-8000;h264;480;on;off;938;3446;113;3946
sip;off;tls;on;auto;silk-24000;rtx;240;off;on;1185;4827;3111;857;irc;on;auto;on;auto;telephone-event-80000;vp8;480;on;off;938;2558;208;4109
iptel.org;on;tls;off;auto;pcma-8000;red;480;on;on;1049;4827;3102;1231;ippi;off;auto;off;auto;silk-16000;ulpfec;480;on;off;1004;4182;113;4109
irc;off;tls;on;auto;silk-24000;ulpfec;480;on;on;1052;4575;1601;1801;irc;off;auto;off;auto;speex-32000;vp8;480;on;off;525;2878;246;1330
